Differential gene expression between A. astorquii (positive log2FoldChange) and A. zaliosus (negative log2FoldChange) from CL Apoyo;;;;;;;;;;;;;;;
gene_id;baseMean;log2FoldChange;lfcSE;stat;pvalue;padj;annotation;;;;;;;;
MSTRG.41585;313.967.052.867.338;-381.230.314.015.433;0.376650677374934;-101.215.884.350.034;4,43E-10;2,55E-06;DLA class II histocompatibility antigen, DR-1 beta chain; H-2 class II histocompatibility antigen, A-S beta chain;;;;;;;
MSTRG.29983;226.782.669.925.679;-423.073.550.645.757;0.466838997311885;-906.251.519.435.747;1,27E-05;5,51E-02;Interferon regulatory factor 5 {ECO:0000250|UniProtKB:Q13568}; Interferon regulatory factor 7;;;;;;;
MSTRG.38648;611.798.680.204.945;443.632.156.112.134;0.546252536238638;812.137.476.133.067;4,61E-02;1,33E+02;Interleukin-8;;;;;;;;
MSTRG.22154;101.254.336.570.775;-20.461.111.435.456;0.257391836842932;-794.940.184.833.524;1,87E-01;4,05E+02;Tyrosine-protein kinase Blk; Proto-oncogene tyrosine-protein kinase LCK; Tyrosine-protein kinase SRK3;;;;;;
MSTRG.53780;579.708.312.269.064;495.612.180.360.468;0.639536127817392;774.955.719.940.158;9,22E-01;1,77E+03;Immunoglobulin kappa constant {ECO:0000250|UniProtKB:P01834}; Immunoglobulin lambda-1 light chain {ECO:0000305};;;;;;;
MSTRG.15180;170.342.555.957.851;574.248.012.111.815;0.79843430362818;719.217.610.644.187;6,38E+01;9,19E+04;Vascular endothelial growth factor A-A; Vascular endothelial growth factor A; Placenta growth factor;;;;;;
MSTRG.19433;147.053.797.540.316;-296.812.945.477.756;0.422428330663548;-70.263.503.636.587;2,12E+02;2,44E+05;E3 ubiquitin-protein ligase TRIM39;;;;;;;;
MSTRG.27546;139.049.794.668.265;-264.011.006.702.223;0.390725463961315;-675.694.396.842.182;1,41E+03;1,28E+06;Tumor necrosis factor receptor superfamily member 1A; Tumor necrosis factor receptor superfamily member 23; Tumor necrosis factor receptor superfamily member 1B;;;;;;
MSTRG.33649;364.202.916.059.223;-196.238.796.823.847;0.309787347780624;-633.462.916.512.696;2,38E+03;1,65E+07;B- and T-lymphocyte attenuator {ECO:0000303|PubMed:14652006};;;;;;;;
MSTRG.3438;354.065.972.747.465;-30.845.110.563.859;0.493237334157481;-625.360.418.358.167;4,01E+04;2,48E+07;Transcription factor 7-like 2; Lymphoid enhancer-binding factor 1; Transcription factor 7;;;;;;
MSTRG.37777;193.283.562.855.408;-242.465.863.512.225;0.395600360307248;-612.906.073.502.841;8,84E+04;4,78E+07;Tyrosine-protein kinase Src42A; Tyrosine-protein kinase Tec;;;;;;;
MSTRG.45548;158.126.857.707.744;208.113.801.398.918;0.340909981834681;61.046.555.539.063;1,03E+05;5,05E+06;Homeobox protein Nkx-2.3;;;;;;;;
MSTRG.6135;186.343.090.416.671;-454.324.559.787.409;0.744380855396277;-610.338.856.102.829;1,04E+05;5,05E+06;Probable nuclear hormone receptor HR38; Nuclear receptor subfamily 4 group A member 3;;;;;;;
MSTRG.41230;114.069.011.205.419;-191.963.766.183.566;0.317857237808868;-603.930.769.382.059;1,55E+05;6,53E+06;Tumor necrosis factor ligand superfamily member 15; Tumor necrosis factor ligand superfamily member 14;;;;;;;
MSTRG.6398;226.183.279.397.898;367.155.794.319.714;0.612569351394156;599.370.166.796.786;2,05E+05;8,44E+07;Glyceraldehyde-3-phosphate dehydrogenase {ECO:0000250|UniProtKB:P00355}; Glyceraldehyde-3-phosphate dehydrogenase 2 {ECO:0000303|PubMed:10799476}; Glyceraldehyde-3-phosphate dehydrogenase;;;;;;
MSTRG.33781;314.686.571.406.112;-276.506.022.439.754;0.462776209025125;-597.494.030.694.093;2,30E+05;9,05E+07;Interferon-induced protein 44-like; Interferon-induced protein 44;;;;;;;
MSTRG.27674;253.949.181.419.762;-281.837.142.360.677;0.491709756003253;-573.177.853.235.053;9,94E+05;2,86E+08;NACHT, LRR and PYD domains-containing protein 3 {ECO:0000305}; NLR family CARD domain-containing protein 3; NACHT, LRR and PYD domains-containing protein 3;;;;;;
MSTRG.5160;842.146.118.358.415;-42.316.961.549.011;0.745481378068943;-56.764.612.495.924;1,38E+05;3,55E+08;B-cell receptor CD22 {ECO:0000250|UniProtKB:P20273}; B-cell receptor CD22 {ECO:0000305};;;;;;;
MSTRG.6416;510.688.720.971.857;126.820.088.303.821;0.22365779236562;567.027.363.377.103;1,43E+06;3,62E+08;Tyrosine-protein phosphatase non-receptor type 6;;;;;;;;
MSTRG.16539;198.216.644.331.633;-19.351.841.523.413;0.343739581875341;-56.297.972.487.879;1,80E+06;4,26E+08;C-X-C chemokine receptor type 4;;;;;;;;
MSTRG.16882;339.975.211.088.506;-184.175.444.058.679;0.331479413359317;-555.616.537.968.939;2,76E+06;6,11E+08;STE20/SPS1-related proline-alanine-rich protein kinase;;;;;;;;
MSTRG.15536;842.261.271.314.229;-174.097.251.001.901;0.314212634405776;-55.407.463.589.472;3,01E+06;6,59E+08;Tyrosine-protein kinase Fyn;;;;;;;;
MSTRG.6535;50.525.507.955.469;-248.848.892.845.716;0.449777897620284;-553.270.612.367.444;3,15E+06;6,82E+08;E3 ubiquitin-protein ligase CBL-C; E3 ubiquitin-protein ligase CBL-B-B; Transforming protein cbl; E3 ubiquitin-protein ligase CBL;;;;;
MSTRG.38967;135.130.231.611.994;-171.026.784.022.395;0.309428994018401;-552.717.383.724.631;3,25E+06;6,95E+08;Arf-GAP with coiled-coil, ANK repeat and PH domain-containing protein 2; DCC-interacting protein 13-beta {ECO:0000305}; Arf-GAP with coiled-coil, ANK repeat and PH domain-containing protein 1;;;;;;
MSTRG.23423;30.802.809.807.581;-237.208.087.992.386;0.43324326526996;-547.517.081.066.635;4,37E+06;8,89E+08;B-cell lymphoma/leukemia 11B;;;;;;;;
MSTRG.30557;659.499.213.826.071;-401.276.466.459.062;0.736705543809899;-54.469.043.952.601;5,13E+06;1,01E+09;H-2 class I histocompatibility antigen, Q9 alpha chain; Major histocompatibility complex class I-related gene protein; H-2 class I histocompatibility antigen, K-K alpha chain;;;;;;
MSTRG.44042;167.439.556.542.865;-181.985.179.061.094;0.335557589513762;-542.336.650.244.743;5,85E+06;1,11E+09;Protein kinase C delta type; Protein kinase C delta type {ECO:0000305};;;;;;;
MSTRG.20214;374.175.819.569.436;-179.347.842.629.703;0.333730099512647;-537.403.856.864;7,70E+06;1,42E+09;Guanine nucleotide exchange factor VAV3; GRB2-related adapter protein; Muscle-specific protein 20;;;;;;
MSTRG.35007;331.046.284.938.755;-531.360.791.383.698;0.993809707961812;-534.670.558.283.695;8,96E+06;1,61E+09;cAMP-specific 3',5'-cyclic phosphodiesterase 4B;;;;;;;;
MSTRG.55931;12.332.015.990.325;-715.793.755.279.614;134.549.956.038.321;-531.991.073.319.824;1,04E+07;1,78E+09;Transposable element Tc3 transposase; E3 ubiquitin-protein ligase TRIM41 {ECO:0000305}; NACHT, LRR and PYD domains-containing protein 12; NLR family CARD domain-containing protein 3; Tripartite motif-containing protein 16-like protein;;;;
MSTRG.1967;302.264.604.939.707;-195.966.030.631.153;368.949.434.595.001;-531.146.038.606.257;1,09E+07;1,84E+09;CD226 antigen; Butyrophilin-like protein 2;;;;;;;
MSTRG.44587;632.425.199.567.176;-29.113.041.825.025;0.554690863953799;-524.851.655.524.109;1,53E+07;2,41E+09;Src-like-adapter 2;;;;;;;;
MSTRG.35598;99.879.885.130.994;272.788.408.908.772;0.521744963970438;522.838.604.579.666;1,71E+07;2,59E+09;Lipoprotein lipase;;;;;;;;
MSTRG.21653;69.971.073.140.982;-29.289.559.747.384;0.565508554749274;-517.933.097.588.063;2,23E+07;3,14E+09;C-C chemokine receptor type 9; Tetratricopeptide repeat protein 19, mitochondrial; Zinc finger protein 658B; Zinc finger protein 813;;;;;
MSTRG.30560;419.962.452.887.098;-342.641.023.471.055;0.662762223013226;-516.989.368.997.601;2,34E+07;3,26E+09;Major histocompatibility complex class I-related gene protein; Class I histocompatibility antigen, F10 alpha chain; H-2 class I histocompatibility antigen, D-K alpha chain;;;;;;
MSTRG.49969;165.716.675.796.408;753.898.170.934.212;146.299.490.256.034;515.311.550.036.737;2,56E+07;3,46E+09;Microfibril-associated glycoprotein 4; Angiopoietin-2;;;;;;;
MSTRG.54678;141.244.039.164.671;-195.584.597.155.969;0.381469489021063;-512.713.605.635.625;2,94E+07;3,91E+09;Rano class II histocompatibility antigen, A beta chain;;;;;;;;
MSTRG.37330;306.469.250.488.148;-669.659.066.128.019;132.591.342.340.662;-50.505.489.597.314;4,41E+07;5,33E+09;Low affinity immunoglobulin gamma Fc region receptor II;;;;;;;;
MSTRG.40043;102.998.351.313.046;-259.720.301.162.579;0.51841883760629;-500.985.462.568.823;5,45E+07;6,45E+09;DLA class II histocompatibility antigen, DR-1 beta chain; H-2 class II histocompatibility antigen, E-S beta chain; H-2 class II histocompatibility antigen, I-A beta chain;;;;;;
MSTRG.43389;422.989.822.547.177;-172.860.259.671.024;0.346895318917482;-498.306.694.395.446;6,26E+07;7,31E+09;Nuclear factor of activated T-cells, cytoplasmic 2;;;;;;;;
MSTRG.13270;246.388.849.191.655;-163.564.796.554.841;0.328512153995248;-497.895.723.386.863;6,39E+07;7,35E+08;Dedicator of cytokinesis protein 10 {ECO:0000305}; Dedicator of cytokinesis protein 9;;;;;;;
MSTRG.50027;895.182.242.752.796;-143.496.898.030.927;0.288413225788853;-497.539.243.002.609;6,51E+07;7,41E+09;Homeobox protein Hox-D3; Src kinase-associated phosphoprotein 1; Homeobox protein Hox-D3a; Homeobox protein Hox-B1b;;;;;
MSTRG.995;235.938.171.400.772;-486.060.567.146.703;0.987521215684481;-492.202.657.954.847;8,57E+07;9,38E+09;Disintegrin and metalloproteinase domain-containing protein 10;;;;;;;;
MSTRG.32946;2.606.508.296.878;-333.150.616.555.555;0.677225689504179;-491.934.404.909.339;8,68E+06;9,45E+09;Nucleotide-binding oligomerization domain-containing protein 1;;;;;;;;
MSTRG.40781;700.232.817.559.625;-221.596.495.391.979;0.453797133989844;-488.316.207.384.727;1,04E+08;0.000109826718379114;Perforin-1;;;;;;;;
MSTRG.38396;960.874.433.550.226;849.016.350.090.094;173.905.601.542.757;488.205.292.157.511;1,05E+08;0.000109826718379114;Carcinoembryonic antigen-related cell adhesion molecule 2; Leukocyte immunoglobulin-like receptor subfamily A member 2;;;;;;;
MSTRG.8665;366.055.008.496.264;-440.720.289.095.073;0.905216583249445;-48.686.722.851.787;1,12E+08;0.000114300159518701;Serine incorporator 5;;;;;;;;
MSTRG.13435;612.625.147.431.046;162.217.844.913.669;0.334988199879292;484.249.430.195.218;1,28E+08;0.000125285481968835;P2Y purinoceptor 13; Major facilitator superfamily domain-containing protein 1; P2Y purinoceptor 12;;;;;;
MSTRG.41584;249.753.093.020.291;-179.287.019.791.431;0.37323726986403;-480.356.690.682.966;1,56E+08;0.000143436947942599;H-2 class II histocompatibility antigen, A-K alpha chain; H-2 class II histocompatibility antigen, A-Q alpha chain; Rano class II histocompatibility antigen, B alpha chain;;;;;;
MSTRG.40046;43.256.449.549.201;-323.330.642.568.901;0.679395818018885;-475.909.085.681.056;1,94E+08;0.000171951541648288;H-2 class II histocompatibility antigen, I-E alpha chain; Mamu class II histocompatibility antigen, DR alpha chain;;;;;;;
MSTRG.25474;265.342.223.804.552;-445.685.006.456.839;0.936573860808688;-475.867.441.006.747;1,95E+08;0.000171951541648288;ETS-related transcription factor Elf-4;;;;;;;;
MSTRG.6405;580.724.118.729.428;-329.834.502.887.829;0.694343382191629;-475.030.815.223.928;2,03E+07;0.000177410803683327;Lymphocyte activation gene 3 protein; Lymphocyte activation gene 3 protein {ECO:0000303|PubMed:8921170};;;;;;;
MSTRG.28368;204.018.204.316.661;-260.716.540.898.214;0.55179116867795;-472.491.325.881.258;2,30E+08;0.000195782567084307;Zinc finger protein 609; Zinc finger protein 609 {ECO:0000312|HGNC:HGNC:29003};;;;;;;
MSTRG.24522;146.383.404.172.413;-185.665.932.043.349;0.393196987312565;-472.195.713.686.274;2,34E+08;0.000195782567084307;Integral membrane protein GPR137B; Integral membrane protein GPR137;;;;;;;
MSTRG.16359;192.900.042.701.463;-35.911.643.930.981;0.760984034188664;-471.910.609.389.706;2,37E+08;0.000196023731242913;Protein mono-ADP-ribosyltransferase PARP14 {ECO:0000305};;;;;;;;
MSTRG.13972;614.430.137.661.535;-294.437.811.476.236;0.624347521230526;-471.592.825.252.079;2,41E+08;0.000196291087024109;Interferon-induced protein 44;;;;;;;;
MSTRG.14066;744.605.329.630.387;-204.707.147.883.901;0.437316993645209;-468.097.857.752.075;2,86E+08;0.000219461079370212;;;;;;;;;
MSTRG.37220;41.948.205.992.474;-156.547.713.039.371;0.334914873863175;-467.425.382.556.545;2,95E+08;0.000223791439594902;Low affinity immunoglobulin gamma Fc region receptor III; Putative high affinity immunoglobulin gamma Fc receptor IB; Fc receptor-like protein 1; Low affinity immunoglobulin gamma Fc region receptor II; High affinity immunoglobulin epsilon receptor subunit alpha;;;;
MSTRG.2096;591.954.636.873.433;-254.405.554.018.875;0.546493734193991;-465.523.277.030.962;3,24E+08;0.000239184595336608;Nuclear receptor ROR-alpha A; Nuclear receptor ROR-alpha; Nuclear receptor ROR-alpha B; Thyroid hormone receptor alpha;;;;;
MSTRG.55250;980.599.316.999.913;-381.016.561.778.278;0.82022687822122;-464.525.818.276.727;3,40E+07;0.000247859543196156;E3 ubiquitin-protein ligase TRIM69; Protein NLRC3; Ribonuclease inhibitor; E3 ubiquitin-protein ligase TRIM11; NLR family CARD domain-containing protein 3; Tripartite motif-containing protein 16-like protein; E3 ubiquitin-protein ligase TRIM21;;
MSTRG.41863;244.997.980.683.894;-169.508.606.557.876;0.365075734782807;-464.310.800.219.907;3,43E+08;0.000248358245367665;Mitogen-activated protein kinase 1 {ECO:0000305};;;;;;;;
MSTRG.15275;504.491.704.189.326;-17.309.821.515.962;0.373674284023701;-463.232.881.042.038;3,62E+07;0.000258406799697956;;;;;;;;;
MSTRG.56275;626.250.493.747.459;-288.027.035.047.426;0.62532870033658;-460.601.016.541.216;4,10E+08;0.00028283066979248;CD48 antigen;;;;;;;;
MSTRG.53480;114.106.403.026.762;-238.506.395.581.337;0.521709303951016;-457.163.393.052.563;4,84E+08;0.000318238406902556;Apoptosis regulator Bcl-2;;;;;;;;
MSTRG.17380;533.549.802.073.281;-350.722.019.176.567;0.768586892888212;-456.320.583.166.096;5,04E+08;0.000330035636811364;G-protein coupled receptor 183-B; B2 bradykinin receptor; G-protein coupled receptor 183 {ECO:0000305};;;;;;
MSTRG.12680;13.366.471.837.044;-197.429.764.913.663;0.435086448285171;-453.771.349.789.919;5,69E+08;0.000366986004765089;P2X purinoceptor 6; P2X purinoceptor 5; P2X purinoceptor 1; P2X purinoceptor 4;;;;;
MSTRG.9527;257.488.233.826.965;352.865.968.149.506;0.779933933310699;452.430.588.128.976;6,06E+08;0.000388138474834447;Interleukin-1 beta;;;;;;;;
MSTRG.21391;697.535.370.617.502;-258.407.804.290.879;0.571360755421238;-452.267.331.697.234;6,11E+08;0.000389374522200867;Activated CDC42 kinase 1;;;;;;;;
MSTRG.24831;440.888.342.634.077;107.876.565.074.425;0.238781520121446;451.779.371.450.346;6,25E+08;0.00039193269012135;E3 ubiquitin-protein ligase TRIM69; Zinc-binding protein A33; Nuclear factor 7, ovary; Nuclear factor 7, brain; Tripartite motif-containing protein 43B;;;;
MSTRG.51941;119.653.172.569.392;505.960.821.420.249;112.051.958.026.399;451.541.258.476.756;6,32E+08;0.000394560827571489;Complement component C8 gamma chain;;;;;;;;
MSTRG.3992;341.990.358.558.102;286.105.431.480.901;0.634370985400098;451.006.489.996.471;6,48E+08;0.000401738647361574;Arachidonate 5-lipoxygenase-activating protein;;;;;;;;
MSTRG.32407;336.256.054.457.882;-340.531.186.418.763;0.755714990775512;-450.607.954.818.141;6,60E+08;0.000404999466742203;Major histocompatibility complex class I-related gene protein; H-2 class I histocompatibility antigen, L-D alpha chain; H-2 class I histocompatibility antigen, D-37 alpha chain; C-type lectin domain family 4 member A {ECO:0000305}; Lactose-binding lectin l-2; H-2 class I histocompatibility antigen, alpha chain;;;
MSTRG.40100;195.927.562.343.807;-252.097.345.981.762;0.562024030657462;-448.552.610.262.689;7,27E+07;0.000436784270261995;H-2 class II histocompatibility antigen, E-D alpha chain; H-2 class II histocompatibility antigen, A-Q beta chain; Mamu class II histocompatibility antigen, DR alpha chain;;;;;;
MSTRG.39704;482.040.906.160.275;-167.768.473.429.278;0.37491677595105;-4.474.819.058.275;7,65E+08;0.000452963445657936;Serine/threonine-protein kinase 4 homolog A; Mitogen-activated protein kinase kinase kinase kinase 2;;;;;;;
MSTRG.47685;273.391.495.867.304;-141.021.856.750.409;0.317416939726362;-444.279.555.060.862;8,88E+08;0.00051021706435086;Ras GTPase-activating protein nGAP; RAS protein activator like-3;;;;;;;
MSTRG.14617;964.848.386.618.826;-248.118.184.294.537;0.559555640521927;-443.420.039.628.416;9,24E+08;0.000525760242124217;T-cell activation Rho GTPase-activating protein;;;;;;;;
MSTRG.7548;639.713.363.545.155;-665.322.517.432.499;150.896.916.981.001;-440.911.935.607.184;1,04E+09;0.000577195953995579;;;;;;;;;
MSTRG.13421;240.720.504.600.754;244.787.069.315.855;0.560186657949141;436.974.115.399.369;1,24E+09;0.000656172395546032;High affinity immunoglobulin gamma Fc receptor I; Fc receptor-like protein 4;;;;;;;
MSTRG.42407;653.033.523.911.142;18.459.263.834.782;0.423464364483405;43.591.067.827.634;1,31E+09;0.000679688729166129;Protein NLRC3; NACHT, LRR and PYD domains-containing protein 12; NACHT, LRR and PYD domains-containing protein 3 {ECO:0000305}; Ret finger protein-like 4A;;;;;
MSTRG.52477;962.909.857.218.694;348.502.888.906.156;0.800941036681734;435.116.785.063.216;1,35E+09;0.000697021114155839;TNFAIP3-interacting protein 3;;;;;;;;
MSTRG.27082;228.498.904.285.076;-361.315.334.618.008;0.831136050049387;-434.724.657.409.022;1,38E+09;0.000701247201482668;1-phosphatidylinositol 4,5-bisphosphate phosphodiesterase gamma-1 {ECO:0000305}; 1-phosphatidylinositol 4,5-bisphosphate phosphodiesterase gamma-1;;;;;;;
MSTRG.24521;304.861.731.030.403;-141.379.662.504.896;0.325521901664559;-434.316.897.824.538;1,40E+09;0.000710217791799753;5'-3' exonuclease PLD3;;;;;;;;
MSTRG.49909;154.499.368.665.981;-133.775.036.356.597;0.308300711786395;-433.910.890.381.863;1,43E+09;0.000713040549676471;Peripheral myelin protein 22;;;;;;;;
MSTRG.45369;398.031.993.739.924;131.518.606.137.542;0.303838898692796;432.856.381.139.394;1,50E+09;0.000739520645838894;SLAM family member 5;;;;;;;;
MSTRG.23245;627.855.276.147.353;196.815.458.522.539;0.456041280255093;431.573.778.611.548;1,59E+09;0.000766330919352925;Perlucin-like protein {ECO:0000303|PubMed:21643827}; C-type lectin domain family 4 member E; C-type lectin domain family 4 member G; C-type lectin domain family 4 member M; Asialoglycoprotein receptor 2; CD209 antigen; Asialoglycoprotein receptor 1; CD209 antigen-like protein E;
MSTRG.41966;864.820.778.256.321;-145.472.616.721.714;0.337672522465725;-430.809.755.142.218;1,65E+08;0.000786706369357217;Protein kinase C beta type;;;;;;;;
MSTRG.22490;699.462.157.852.986;-162.840.524.541.015;0.378868883995098;-429.807.068.936.075;1,72E+09;0.000816067652290635;T cell receptor beta variable 16 {ECO:0000303|Ref.2}; T cell receptor beta variable 6-4 {ECO:0000303|Ref.2}; T-cell receptor beta-1 chain C region; T cell receptor beta variable 29-1 {ECO:0000303|Ref.3}; T cell receptor beta chain MC.7.G5; T-cell receptor beta chain V region C5; Ig kappa chain V region BS-5; M1-specific T cell receptor beta chain {ECO:0000303|PubMed:29997621}; T cell receptor beta variable 10-1 {ECO:0000303|Ref.2}
MSTRG.36848;713.267.537.508.873;-265.826.805.079.082;0.618786634955739;-429.593.643.531.258;1,74E+09;0.000817552638568303;;;;;;;;;
MSTRG.43023;174.206.827.442.492;734.749.730.449.338;172.748.847.830.133;425.328.295.776.438;2,11E+09;0.000936593662316036;Phosphoenolpyruvate carboxykinase, cytosolic [GTP] {ECO:0000305};;;;;;;;
MSTRG.38403;697.102.437.951.912;-190.584.230.359.414;0.449262577141036;-424.215.681.555.832;2,21E+09;0.000974249407012571;Caspase recruitment domain-containing protein 8 {ECO:0000305}; Sterile alpha motif domain-containing protein 9-like;;;;;;;
MSTRG.38460;108.560.461.176.668;-234.565.345.510.092;0.553026772999319;-424.148.263.632.765;2,22E+09;0.000974700859285037;GTPase IMAP family member 7; Protein mono-ADP-ribosyltransferase PARP15 {ECO:0000305}; GTPase IMAP family member 1;;;;;;
MSTRG.47262;8.147.388.233.449;-212.514.470.658.647;0.501561409920033;-423.705.784.487.147;2,26E+09;0.000983313452104171;DENN domain-containing protein 1C; DENN domain-containing protein 1B {ECO:0000312|HGNC:HGNC:28404};;;;;;;
MSTRG.15676;441.330.331.957.482;-195.442.808.908.194;0.461311647366084;-423.667.622.580.308;2,27E+09;0.000983313452104171;Transcription regulator protein BACH2;;;;;;;;
MSTRG.52750;49.718.248.909.299;-226.185.312.152.202;0.535943295617278;-422.032.170.197.578;2,44E+09;0.00103920772271934;Interferon regulatory factor 8 {ECO:0000305};;;;;;;;
MSTRG.37701;20.186.634.379.041;-658.631.686.840.841;156.419.763.031.245;-421.066.797.492.385;2,55E+09;0.00106883404290519;High affinity immunoglobulin gamma Fc receptor I;;;;;;;;
MSTRG.4765;63.468.269.249.534;-154.437.803.514.356;0.367986335517487;-419.683.527.914.632;2,71E+09;0.00111193558615476;Interleukin-21 receptor;;;;;;;;
MSTRG.42445;25.256.576.595.452;-217.175.837.242.881;0.51866053415023;-418.724.431.383.044;2,82E+09;0.00115175657679169;Natural cytotoxicity triggering receptor 1;;;;;;;;
MSTRG.7852;436.677.551.824.482;205.483.673.215.734;0.491648498172466;417.948.339.066.525;2,92E+07;0.00118010535484368;Caspase recruitment domain-containing protein 9 {ECO:0000303|PubMed:16862125};;;;;;;;
MSTRG.46995;327.593.040.261.754;120.327.465.105.317;0.287929872726848;417.905.457.206.478;2,93E+09;0.00118010535484368;Mucolipin-1 {ECO:0000305};;;;;;;;
MSTRG.39900;260.519.061.065.218;-239.823.230.545.662;0.575458052684236;-416.751.889.085.575;3,08E+09;0.00122149111083306;V-set domain-containing T-cell activation inhibitor 1; Myelin-oligodendrocyte glycoprotein; Butyrophilin-like protein 2; V-set domain containing T-cell activation inhibitor 1;;;;;
MSTRG.49214;572.577.625.878.519;-617.976.351.434.474;148.624.503.150.523;-415.797.084.824.301;3,21E+09;0.00126496569972372;Interleukin-31 receptor subunit alpha;;;;;;;;
MSTRG.25125;135.053.282.263.312;-151.123.202.305.839;0.365170715352963;-413.842.611.009.396;3,50E+09;0.00133509938065077;Dedicator of cytokinesis protein 2;;;;;;;;
MSTRG.22769;484.383.854.701.766;365.070.118.465.442;0.885702735044263;41.218.131.549.204;3,76E+09;0.00141024419034673;Interleukin-27 subunit beta;;;;;;;;
MSTRG.19616;144.499.874.676.609;-27.332.126.449.825;0.663793848887825;-411.756.247.751.008;3,83E+09;0.00142104358361658;ATP-dependent RNA helicase A {ECO:0000305}; ATP-dependent RNA helicase A protein {ECO:0000250|UniProtKB:Q08211}; ATP-dependent RNA helicase A {ECO:0000250|UniProtKB:Q08211};;;;;;
MSTRG.40249;56.702.978.391.364;-354.084.495.771.516;0.862511908447106;-410.527.080.616.221;4,04E+09;0.00148921937452904;NACHT, LRR and PYD domains-containing protein 10;;;;;;;;
MSTRG.24696;145.174.454.923.179;-148.176.915.437.017;0.361345026810453;-410.070.443.600.554;4,12E+09;0.00149972908044042;Tyrosine-protein kinase ITK/TSK;;;;;;;;
MSTRG.38127;248.689.293.629.344;-339.461.215.203.411;0.828959045810315;-409.502.998.874.431;4,22E+09;0.00152410380776984;Immunoglobulin lambda variable 8-61 {ECO:0000303|PubMed:11872955, ECO:0000303|Ref.3};;;;;;;;
MSTRG.30472;235.499.948.921.077;150.411.450.154.405;0.369208042518214;407.389.419.603.406;4,62E+09;0.00162522000620685;Olfactomedin; Olfactomedin-4;;;;;;;
MSTRG.12194;120.531.502.253.433;-244.835.264.774.347;0.602437404709898;-406.407.807.450.547;4,82E+09;0.00167136535847901;POU domain class 2-associating factor 1 {ECO:0000305}; POU domain class 2-associating factor 1;;;;;;;
MSTRG.32651;300.649.977.087.582;-626.206.565.447.521;154.144.997.216.814;-406.245.143.698.516;4,86E+09;0.00167507432872883;Cdc42 homolog;;;;;;;;
MSTRG.25434;113.517.774.728.549;-169.524.947.596.891;0.417830296572723;-405.726.796.231.458;4,97E+08;0.00170376700636412;SAM and SH3 domain-containing protein 3;;;;;;;;
MSTRG.32834;59.482.459.772.037;-892.685.089.645.265;220.069.461.499.419;-405.637.876.133.769;4,98E+09;0.00170637210971451;Protein NLRC3; NACHT, LRR and PYD domains-containing protein 12; Ribonuclease inhibitor; NACHT, LRR and PYD domains-containing protein 3;;;;;
MSTRG.6402;339.437.433.223.713;-206.716.024.304.549;0.510011714744459;-405.316.227.702.974;5,05E+09;0.00171020560944231;Tumor necrosis factor receptor superfamily member 14;;;;;;;;
MSTRG.50652;108.679.121.955.393;-1.376.732.471.239;0.341240108402616;-403.449.781.352.972;5,47E+09;0.00179576576317837;E3 ubiquitin-protein ligase Midline-1; SPRY domain-containing protein 4;;;;;;;
MSTRG.37398;444.852.676.277.036;-176.880.197.472.488;0.439309503428875;-402.632.303.858.469;5,67E+08;0.001824697909984;;;;;;;;;
MSTRG.1222;126.911.401.436.727;115.061.937.709.283;0.286194462128117;402.041.104.686.976;5,81E+09;0.00185384158594088;Transcription factor PU.1;;;;;;;;
MSTRG.39801;749.534.151.343.556;-219.131.938.845.657;0.547614606680901;-400.157.220.374.049;6,29E+09;0.00197505094238761;;;;;;;;;
MSTRG.9883;905.678.057.515.643;-252.389.587.896.938;0.631319725257518;-399.780.931.593.713;6,39E+09;0.00199224125413731;mRNA decay activator protein ZFP36L2-B {ECO:0000305};;;;;;;;
MSTRG.41011;195.266.596.254.329;-127.460.479.362.597;0.319555668642982;-398.867.840.160.269;6,64E+09;0.00204920189743236;Mitogen-activated protein kinase kinase kinase 14 {ECO:0000312|HGNC:HGNC:6853};;;;;;;;
MSTRG.9990;171.556.651.237.976;-310.210.408.373.664;0.779353756779013;-398.035.430.862.271;6,88E+09;0.00208792001061664;Insulin-degrading enzyme; Insulin-degrading enzyme {ECO:0000303|PubMed:20364150};;;;;;;
MSTRG.14944;103.050.191.343.798;152.902.384.594.044;0.384525184341688;397.639.454.632.379;7,00E+09;0.00211555356416105;Scavenger receptor cysteine-rich type 1 protein M130; T-cell differentiation antigen CD6 {ECO:0000305}; Scavenger receptor cysteine-rich domain-containing group B protein {ECO:0000250|UniProtKB:Q8WTU2}; Deleted in malignant brain tumors 1 protein; Scavenger receptor cysteine-rich domain-containing group B protein {ECO:0000303|PubMed:12466895, ECO:0000312|HGNC:HGNC:14461}; Scavenger receptor cysteine-rich domain-containing protein SCART1 {ECO:0000305}; Scavenger receptor cysteine-rich type 1 protein M160;;
MSTRG.34460;412.279.083.956.876;133.943.901.402.335;0.336915996388592;397.558.747.100.409;7,02E+09;0.00211903691504355;Pre-B-cell leukemia transcription factor 1 {ECO:0000250|UniProtKB:P40424}; Pre-B-cell leukemia transcription factor 1;;;;;;;
MSTRG.5562;978.771.652.132.551;-354.495.962.170.835;0.892649931899626;-397.127.641.534.057;7,15E+09;0.00214651891456917;Catenin beta-1;;;;;;;;
MSTRG.10967;397.710.877.077.443;-107.912.017.512.624;0.273160354464225;-395.050.071.319.032;7,80E+09;0.00226689098113453;HLA class II histocompatibility antigen gamma chain {ECO:0000305}; Insulin-like growth factor-binding protein 2 {ECO:0000250|UniProtKB:P18065};;;;;;;
MSTRG.40033;253.561.048.622.103;-294.906.572.460.404;0.748629221156396;-393.928.748.873.663;8,17E+09;0.00235177336358245;High mobility group protein B2; High mobility group-T protein;;;;;;;
MSTRG.44729;208.496.226.638.172;104.220.338.488.987;0.264621424352827;393.846.940.941.666;8,20E+09;0.00235197792663188;Bactericidal permeability-increasing protein;;;;;;;;
MSTRG.26536;533.955.781.414.974;-227.687.471.370.644;0.579112454427468;-393.166.248.851.864;8,44E+09;0.00240761376324391;Trem-like transcript 4 protein;;;;;;;;
MSTRG.40958;358.250.192.399.613;-216.709.025.336.777;0.553465546254423;-391.549.260.479.456;9,02E+09;0.00253286531574369;1-phosphatidylinositol 4,5-bisphosphate phosphodiesterase delta-4; Inactive phospholipase C-like protein 2;;;;;;;
MSTRG.37308;103.713.021.153.359;-200.402.730.959.699;0.511865087590265;-391.514.748.355.169;9,03E+09;0.00253286531574369;Low affinity immunoglobulin gamma Fc region receptor II;;;;;;;;
MSTRG.5737;676.650.412.434.246;262.432.711.029.685;0.671506991192473;390.811.584.200.565;9,30E+09;0.00258748557386684;Protein MAL2; CD209 antigen-like protein D; CD209 antigen;;;;;;
MSTRG.46418;153.442.321.154.223;324.938.428.759.379;0.83446190787053;389.398.755.886.403;9,86E+09;0.00269850462272664;Polyunsaturated fatty acid lipoxygenase ALOX15B {ECO:0000305}; Arachidonate 12-lipoxygenase, 12R-type {ECO:0000305}; Polyunsaturated fatty acid 5-lipoxygenase {ECO:0000305};;;;;;
MSTRG.12784;335.497.110.725.716;280.392.624.194.923;0.720437001544331;389.197.977.885.468;9,94E+09;0.00271656806160497;C5a anaphylatoxin chemotactic receptor 1;;;;;;;;
MSTRG.24946;375.713.162.120.305;0.894040987261918;0.22983936884012;388.985.138.522.473;0.000100305631246933;0.00272119381617876;Copper-transporting ATPase 1;;;;;;;;
MSTRG.45890;19.203.206.032.869;-126.179.589.856.169;0.324566091774914;-388.763.931.457.368;0.000101223891554187;0.00273541750692135;85/88 kDa calcium-independent phospholipase A2;;;;;;;;
MSTRG.37574;245.294.192.760.257;-314.580.261.814.746;0.809395319185258;-38.866.083.650.126;0.000101654558153271;0.0027427700206877;Toll-like receptor 2; Leucine-rich repeat-containing protein 26; Monocyte differentiation antigen CD14; Toll-like receptor 2 type-1;;;;;
MSTRG.29843;406.985.920.015.363;-282.469.875.392.976;0.728307018186575;-387.844.505.599.167;0.000105126262986387;0.00280466192444399;Serine/threonine-protein kinase WNK1 {ECO:0000305};;;;;;;;
MSTRG.50394;108.860.002.867.661;-322.850.959.361.965;0.832483041423207;-387.816.860.281.047;0.000105245769815794;0.00280466192444399;;;;;;;;;
MSTRG.19321;365.828.163.229.284;-181.764.636.870.368;0.470577541898131;-386.258.630.484.571;0.000112192909794075;0.00294442545506604;Protein kinase C theta type;;;;;;;;
MSTRG.27144;212.201.635.456.744;-22.982.516.332.105;0.596038941584781;-385.587.496.531.649;0.000115316421815274;0.00299942421815534;Toll-like receptor 9;;;;;;;;
MSTRG.15378;419.716.900.834.947;122.996.790.657.243;0.319500345279973;384.966.064.901.943;0.000118281584870637;0.00305781765371849;Platelet-activating factor acetylhydrolase; Platelet-activating factor acetylhydrolase homolog 2;;;;;;;
MSTRG.48422;204.612.281.764.793;-253.061.900.615.381;0.657437029981271;-384.921.884.644.359;0.000118495105611384;0.00305876545007296;Matrix metalloproteinase-17; Stromelysin-2; Neutrophil collagenase;;;;;;
MSTRG.40062;176.078.095.829.992;-31.457.423.698.378;0.817468908980502;-38.481.492.510.351;0.000119013541236664;0.00306667657545459;Ribonuclease inhibitor; NACHT, LRR and PYD domains-containing protein 12;;;;;;;
MSTRG.37270;182.488.411.588.806;-115.829.694.631.227;0.301190517593083;-384.572.846.306.258;0.000120194812389007;0.00307965819298945;Fc receptor-like B;;;;;;;;
MSTRG.24605;247.542.390.097.766;-555.273.531.245.158;144.569.096.556.937;-384.088.677.642.439;0.000122590652115934;0.00313639841471166;Probable G-protein coupled receptor 174;;;;;;;;
MSTRG.6232;160.094.163.840.827;-255.550.118.622.414;0.665477852950132;-384.009.952.381.637;0.0001229844428499;0.0031390766937215;Double-stranded RNA-specific adenosine deaminase adr-2 {ECO:0000305}; Double-stranded RNA-specific adenosine deaminase;;;;;;;
MSTRG.22508;120.952.435.504.572;-59.063.506.854.042;153.961.684.930.138;-383.624.710.789.848;0.000124928711087836;0.00317274898423512;T cell receptor alpha variable 14/delta variable 4 {ECO:0000303|Ref.2};;;;;;;;
MSTRG.38130;920.136.542.544.183;-202.142.192.489.269;0.527979559139019;-382.859.883.475.233;0.000128874876245732;0.00323966712888071;Ig kappa chain V region K29-213;;;;;;;;
MSTRG.49949;306.777.305.306.208;-212.942.210.221.854;0.556855965307942;-382.400.878.302.699;0.000131299234313393;0.00328628112510874;B-cell antigen receptor complex-associated protein beta chain;;;;;;;;
MSTRG.349;425.246.709.304.636;-227.579.326.038.106;0.596027845287854;-381.826.667.725.894;0.000134392606557566;0.00334916445304481;Adenylate cyclase type 7 {ECO:0000305}; Adenylyl cyclase X E {ECO:0000312|FlyBase:FBgn0040506}; Adenylate cyclase type 2; Adenylate cyclase; Adenylate cyclase type 7 {ECO:0000250|UniProtKB:P51828};;;;
MSTRG.42054;117.266.771.685.929;-113.399.563.669.065;0.297127599971737;-381.652.743.399.979;0.000135343033109565;0.00335833250736002;Caspase recruitment domain-containing protein 11 {ECO:0000303|PubMed:12356734}; Caspase recruitment domain-containing protein 11 {ECO:0000303|PubMed:11278692};;;;;;;
MSTRG.26135;233.652.809.540.435;-217.849.649.148.747;0.572475126539849;-380.539.937.980.316;0.000141575560821703;0.00348300046146709;Ubiquitin carboxyl-terminal hydrolase 11; Ubiquitin carboxyl-terminal hydrolase 15;;;;;;;
MSTRG.40642;191.319.959.076.336;31.993.308.558.143;0.841555370990282;380.168.788.186.755;0.000143713698339783;0.00351011562015598;TANK-binding kinase 1-binding protein 1;;;;;;;;
MSTRG.13535;813.328.191.086.589;-211.999.805.138.434;0.558876770872398;-379.331.931.809.414;0.000148646803159018;0.00358555991720392;Heat shock cognate 71 kDa protein;;;;;;;;
MSTRG.16060;487.171.113.146.689;-175.796.902.649.713;0.465054150504408;-378.013.834.429.904;0.00015674124212264;0.00375462573754995;Interferon alpha/beta receptor 2; Interleukin-10 receptor subunit beta;;;;;;;
MSTRG.48545;84.259.589.277.698;124.109.878.489.097;0.328629028331843;377.659.512.061.646;0.000158986858964847;0.00377702984312779;Mothers against decapentaplegic homolog 7;;;;;;;;
MSTRG.40412;370.745.989.672.454;-386.759.868.606.456;102.844.544.463.614;-376.062.600.718.008;0.000169488671434744;0.00395587931506599;E3 ubiquitin-protein ligase TRIM69; Ret finger protein-like 2; NACHT, LRR and PYD domains-containing protein 9A; E3 ubiquitin-protein ligase TRIM11; Tripartite motif-containing protein 16-like protein; NACHT, LRR and PYD domains-containing protein 4E;;;
MSTRG.35666;208.124.901.099.401;115.976.158.448.049;0.308563338060849;375.858.516.364.566;0.000170876877546394;0.0039775445453094;L-selectin; Membrane cofactor protein; C4b-binding protein beta chain; Beta-2-glycoprotein 1; P-selectin; E-selectin;;;
MSTRG.27337;247.749.295.175.871;-319.103.965.469.271;0.849668291300817;-375.562.991.742.027;0.000172906037996132;0.00401021131099308;Sphingosine kinase 1 {ECO:0000305}; Ceramide kinase;;;;;;;
MSTRG.45361;547.264.000.163.027;-387.873.513.584.147;1.037.560.294.935;-373.832.263.510.475;0.000185252115679692;0.00422682762622727;E3 ubiquitin-protein ligase TRIM47 {ECO:0000305}; Zinc-binding protein A33; Zinc finger protein RFP; E3 ubiquitin-protein ligase TRIM7 {ECO:0000305}; E3 ubiquitin-protein ligase TRIM21; E3 ubiquitin/ISG15 ligase TRIM25;;;
MSTRG.6598;108.240.844.903.256;196.349.097.473.282;0.526225860477978;373.127.039.585.122;0.000190516601306563;0.00430716943738172;Endoribonuclease ZC3H12A {ECO:0000305};;;;;;;;
MSTRG.8674;112.873.101.672.039;-0.865997043908307;0.233170036679565;-371.401.512.921.836;0.00020399659012932;0.00453485993095962;Leucyl-cystinyl aminopeptidase; Aminopeptidase N; Alanine/arginine aminopeptidase;;;;;;
MSTRG.48354;689.597.462.869.185;-228.541.849.889.432;0.615617465246638;-371.240.035.884.737;0.000205302894686254;0.00454434263881613;Thymic stromal cotransporter homolog;;;;;;;;
MSTRG.35045;485.467.668.584.639;-146.915.155.079.943;0.396250284634242;-370.763.531.982.197;0.000209203631824562;0.00459159493960127;Putative exonuclease GOR; RNA exonuclease 1 homolog; Interferon-stimulated gene 20 kDa protein;;;;;;
MSTRG.55885;390.510.067.596.734;-276.481.218.174.279;0.745854701209285;-370.690.454.489.338;0.00020980797641628;0.00459902275300326;;;;;;;;;
MSTRG.46993;313.239.869.421.256;459.402.969.724.922;124.022.109.999.174;370.420.217.595.057;0.000212057084479533;0.00462487676680141;N-acetylmuramoyl-L-alanine amidase;;;;;;;;
MSTRG.55428;204.881.274.912.818;-35.559.528.968.856;0.960357014183876;-370.274.058.955.824;0.000213282937975312;0.00464472731553443;;;;;;;;;
MSTRG.36911;370.714.614.431.169;-164.557.757.298.052;0.449848344962644;-365.807.186.223.431;0.00025411980353629;0.00527611284773126;Cell surface A33 antigen;;;;;;;;
MSTRG.40106;339.583.178.463.691;-4.099.082.319.598;112.199.936.795.502;-365.337.310.935.306;0.000258817719428089;0.00534159004475991;;;;;;;;;
MSTRG.28330;356.096.624.622.584;-321.085.909.439.211;0.879783623210317;-36.496.008.901.322;0.000262648068977386;0.0054013060082805;Forkhead box protein P3;;;;;;;;
MSTRG.1110;656.370.285.186.266;-134.801.726.458.895;0.369813060631932;-364.513.157.616.843;0.00026725503203846;0.00548951992767834;Switch-associated protein 70;;;;;;;;
MSTRG.37716;115.834.921.644.012;-181.400.017.715.738;0.497735530855723;-364.450.609.752.269;0.000267905784378447;0.00549153438836338;Selection and upkeep of intraepithelial T-cells protein 1; Myelin-oligodendrocyte glycoprotein;;;;;;;
MSTRG.21414;120.206.460.370.946;10.423.441.616.654;0.286371396283763;363.983.336.042.594;0.0002728145372885;0.00557404324664899;Matrix metalloproteinase-14;;;;;;;;
MSTRG.35169;372.747.608.438.591;-117.337.451.517.251;0.322519427153418;-363.815.143.022.175;0.000274601959734312;0.0055939233140223;Interleukin-12 receptor subunit beta-1;;;;;;;;
MSTRG.32232;152.066.165.234.649;-14.923.741.097.629;0.410397442303889;-3.636.411.819.199;0.00027646222333374;0.00561203799454181;CD5 antigen-like; T-cell differentiation antigen CD6;;;;;;;
MSTRG.50284;153.527.230.874.958;254.609.876.388.391;0.702397316210233;362.486.972.134.422;0.000289107153731197;0.00581407932997797;Probable G-protein coupled receptor 34; Hydroxycarboxylic acid receptor 2; B2 bradykinin receptor; P2Y purinoceptor 2; G-protein coupled receptor 183;;;;
MSTRG.53092;320.996.980.390.229;-144.641.956.575.434;0.400306544982321;-361.327.983.238.001;0.000302348094344362;0.00602752724661999;Interleukin-10 receptor subunit beta; Tissue factor;;;;;;;
MSTRG.2851;993.906.963.863.799;189.823.905.372.437;0.525370743829396;361.314.191.172.546;0.000302509028624813;0.00602752724661999;Hexokinase-1 {ECO:0000305}; Hexokinase HKDC1 {ECO:0000305};;;;;;;
MSTRG.5854;156.493.823.685.407;24.967.856.477.591;0.69449235523203;35.951.232.997.013;0.000324237977486111;0.00639417995509953;C5a anaphylatoxin chemotactic receptor 1; Chemerin-like receptor 1;;;;;;;
MSTRG.32410;131.909.482.507.026;-238.329.940.536.804;0.663102278914828;-359.416.560.785.815;0.000325432803748589;0.00640314031949015;H-2 class I histocompatibility antigen, Q10 alpha chain;;;;;;;;
MSTRG.17251;801.540.698.752.787;176.443.725.133.426;0.491333745877476;359.111.757.769.282;0.000329263042977381;0.00644915552468154;Cytoplasmic protein NCK2;;;;;;;;
MSTRG.37608;167.574.195.419.614;-328.268.636.251.064;0.917297727020577;-357.864.874.818.011;0.000345375278323552;0.00667403959620762;;;;;;;;;
MSTRG.52430;710.892.344.215.872;-170.939.420.290.731;0.477777710116926;-357.780.232.671.165;0.000346495332915024;0.00668085909238265;Leucine zipper transcription factor-like protein 1;;;;;;;;
MSTRG.45447;106.151.414.215.919;362.598.567.058.444;101.346.846.134.204;357.779.823.338.842;0.000346500757783593;0.00668085909238265;Histone H1.5; Histone H1.3; Histone H3; Histone H2A;;;;;
MSTRG.45948;471.913.438.336.379;-185.104.603.417.127;0.518070182192511;-357.296.385.276.896;0.00035296349933488;0.00675944272825157;B-cell receptor CD22 {ECO:0000305};;;;;;;;
MSTRG.21779;123.002.715.851.423;-158.133.877.976.368;0.44286707267843;-357.068.492.403.341;0.000356048979281862;0.00679676279986733;T-cell receptor alpha chain V region CTL-F3; M1-specific T cell receptor alpha chain {ECO:0000305|PubMed:29997621}; T cell receptor alpha variable 3 {ECO:0000303|Ref.2}; T cell receptor delta constant {ECO:0000303|Ref.4}; T cell receptor alpha chain MC.7.G5;;;;
MSTRG.29498;188.023.609.211.466;14.880.540.204.641;0.417826727374546;356.141.415.321.713;0.000368862715745867;0.00695690367374565;Mothers against decapentaplegic homolog 6;;;;;;;;
MSTRG.31448;160.159.483.997.974;261.714.163.846.678;0.735276608850653;355.939.738.455.405;0.000371706733755611;0.0070029062748402;Twist-related protein 2; Twist-related protein;;;;;;;
MSTRG.41430;371.635.377.432.438;134.035.405.440.601;0.377370861657383;35.518.218.034.092;0.00038257385727467;0.00714537242069699;DnaJ homolog subfamily A member 3, mitochondrial;;;;;;;;
MSTRG.46926;274.874.269.890.883;-129.499.013.703.004;0.364968318291121;-35.482.261.668.452;0.000387835041155677;0.00721586697349126;Programmed cell death 1 ligand 1;;;;;;;;
MSTRG.9637;133.456.462.554.763;-57.721.497.614.252;16.272.750.024.637;-354.712.617.884.878;0.000389458015797514;0.00722712058285194;;;;;;;;;
MSTRG.47737;156.145.427.810.388;-158.288.369.880.286;0.446381784922643;-354.603.111.566.744;0.000391080026437897;0.00724167993280882;Zinc finger protein Aiolos; Zinc finger protein 32;;;;;;;
MSTRG.10097;22.129.069.195.592;-514.297.658.598.803;1.451.096.214.815;-354.420.095.199.801;0.000393804968302534;0.0072775552273425;Serum response factor;;;;;;;;
MSTRG.51310;177.021.929.085.548;194.699.142.479.088;0.549421040995941;354.371.470.969.067;0.000394531914567368;0.00728220860452789;Granulocyte colony-stimulating factor;;;;;;;;
MSTRG.47282;184.141.771.629.869;-205.083.578.361.855;0.578773602986053;-354.341.623.916.108;0.000394978757446987;0.00728268401923843;CMRF35-like molecule 6; Polymeric immunoglobulin receptor; CMRF35-like molecule 3 {ECO:0000303|PubMed:14662855};;;;;;
MSTRG.44117;428.249.310.265.163;-335.892.106.390.536;0.948907443661304;-353.977.733.691.829;0.000400464752248486;0.00736812541503997;Low-density lipoprotein receptor-related protein 1; E3 ubiquitin-protein ligase DTX3L; Low-density lipoprotein receptor-related protein 8;;;;;;
MSTRG.3784;95.416.691.651.789;270.449.352.914.725;0.765986035617796;353.073.476.981.336;0.000414407068136819;0.00756828959179123;Complement factor B-like protease; Complement factor B;;;;;;;
MSTRG.7859;254.046.896.511.849;-112.997.548.625.821;0.321256508579507;-35.173.621.579.049;0.000435858661984885;0.00788512087764496;Probable serine/threonine-protein kinase DDB_G0280461; LIM domain kinase 1;;;;;;;
MSTRG.4824;457.441.037.880.825;-12.785.429.155.807;0.364117586010119;-351.134.623.732.558;0.000445843300012419;0.00800847578032856;;;;;;;;;
MSTRG.50802;318.047.345.310.297;-469.688.532.519.889;133.964.336.342.804;-350.607.143.171.294;0.00045477315382719;0.00811953170083661;Zinc finger MIZ domain-containing protein 1 {ECO:0000305};;;;;;;;
MSTRG.5941;108.409.905.004.052;181.581.173.901.837;0.518081697846029;350.487.528.621.019;0.000456821222360284;0.0081366869626376;Heat shock cognate 71 kDa protein; Heat shock 70 kDa protein; Heat shock 70 kDa protein II; TBC1 domain family member 13; TBC1 domain family member 15;;;;
MSTRG.51737;132.872.693.561.844;-51.935.443.821.319;148.244.474.205.893;-350.336.456.718.024;0.000459420211260427;0.00817456024048259;Phospholipase D1; Phospholipase D1 {ECO:0000305};;;;;;;
MSTRG.22163;429.830.728.460.276;-169.544.967.319.748;0.486542480516861;-348.468.991.113.865;0.000492707677035134;0.00854886839262423;Runt-related transcription factor 3;;;;;;;;
MSTRG.54290;151.209.048.932.148;-59.833.312.385.744;17.170.625.597.601;-348.463.205.639.425;0.000492814211474204;0.00854886839262423;;;;;;;;;
MSTRG.13885;453.260.620.412.272;-312.628.538.686.315;0.897924678000766;-348.167.887.959.582;0.000498280847473801;0.00863503733172283;C-X-C chemokine receptor type 5; B-cell CLL/lymphoma 9-like protein;;;;;;;
MSTRG.43269;157.402.305.793.762;-317.608.403.311.255;0.912745760417458;-347.970.286.014.795;0.000501970180574593;0.00864698632772668;Rap1 GTPase-activating protein 1;;;;;;;;
MSTRG.16361;388.141.193.450.988;-356.027.346.652.159;102.377.008.876.017;-347.761.035.960.058;0.000505904743617107;0.00867157833583535;Protein mono-ADP-ribosyltransferase PARP9 {ECO:0000305}; Uncharacterized protein STK_23830;;;;;;;
MSTRG.30307;32.511.279.561.724;-238.111.275.523.101;0.686033099427287;-347.084.237.949.861;0.000518828449668839;0.00887550745501738;RAN GTPase-activating protein 1; Protein NLRC5;;;;;;;
MSTRG.33380;439.524.128.723.712;-117.034.818.634.617;0.337821968731243;-346.439.336.299.424;0.000531428789939529;0.00904631980512219;Major facilitator superfamily domain-containing protein 6;;;;;;;;
MSTRG.21024;287.008.551.796.426;-265.022.058.119.378;0.767549266994377;-345.283.448.914.191;0.000554729253287733;0.0093691820660267;Transcription factor JunD {ECO:0000305};;;;;;;;
MSTRG.37415;201.637.893.206.624;-172.476.237.310.496;0.500415894103453;-344.665.785.685.135;0.000567566875707699;0.00953016418967441;Low affinity immunoglobulin gamma Fc region receptor III;;;;;;;;
MSTRG.5096;321.364.744.701.145;-395.860.402.361.516;115.133.778.667.261;-343.826.465.997.926;0.000585455186991312;0.00973600717212956;;;;;;;;;
MSTRG.32527;511.902.624.408.578;28.004.154.859.189;0.815181127847354;343.532.914.373.759;0.000591834527128869;0.00980329028426292;NKG2-D type II integral membrane protein; CD209 antigen-like protein A; NKG2-C type II integral membrane protein;;;;;;
MSTRG.40042;15.874.849.361.729;-229.747.494.137.697;0.669844645238054;-342.986.236.840.108;0.000603887477398125;0.00990914034307455;HLA class II histocompatibility antigen, DP alpha 1 chain; H-2 class II histocompatibility antigen, A-R alpha chain;;;;;;;
